history_date;total_isk
2017-01-01;1018079015923374.4
2017-01-02;1016865919990454.6
2017-01-03;1014023324979247.0
2017-01-04;1012489275493151.2
2017-01-05;1013402787570905.0
2017-01-06;1013800059989639.0
2017-01-07;1015296076689875.2
2017-01-08;1019481327556502.6
2017-01-09;1018686000552411.4
2017-01-10;1017059322265018.8
2017-01-11;1016182413513897.5
2017-01-12;1015903679749103.8
2017-01-13;1014445136435054.9
2017-01-14;1014216599408656.1
2017-01-15;1014142320221000.6
2017-01-16;1012381494352776.2
2017-01-17;1010585411085157.8
2017-01-18;1011486172900405.9
2017-01-19;1009098941396881.2
2017-01-20;1009757618909903.4
2017-01-21;1010416526960490.0
2017-01-22;1010786682679354.8
2017-01-23;1009970870187143.0
2017-01-24;1004312025692480.8
2017-01-25;999379910978604.4
2017-01-26;995194814519233.2
2017-01-27;992709845892346.8
2017-01-28;992239561299999.8
2017-01-29;990073238899764.8
2017-01-30;987209547045820.4
2017-01-31;983614515949602.8
2017-02-01;981211309971988.6
2017-02-02;980368843269113.0
2017-02-03;980179664916950.5
2017-02-04;981472985754736.1
2017-02-05;984632970178895.2
2017-02-06;982086968599446.0
2017-02-07;976566811818536.1
2017-02-08;976128716912013.5
2017-02-09;977993854154521.5
2017-02-10;977014563601478.5
2017-02-11;977155274558609.2
2017-02-12;978298899034856.5
2017-02-13;974628039043088.1
2017-02-14;974575474895115.8
2017-02-15;975029499615076.5
2017-02-16;975517585115940.2
2017-02-17;975030090327458.5
2017-02-18;977026659354741.6
2017-02-19;978622577596980.5
2017-02-20;978164097921411.9
2017-02-21;977645943792634.2
2017-02-22;978731984928558.5
2017-02-23;978124781826185.2
2017-02-24;980149347204745.0
2017-02-25;982497540168396.0
2017-02-26;984477749209094.5
2017-02-27;983582488567826.8
2017-02-28;983234479235390.0
2017-03-01;985334447747848.5
2017-03-02;985573297078312.5
2017-03-03;986750810053616.0
2017-03-04;989561425283365.8
2017-03-05;990737801427143.8
2017-03-06;989594839040290.1
2017-03-07;988081931894397.1
2017-03-08;988586171751683.8
2017-03-09;989498932757323.5
2017-03-10;990088859258279.0
2017-03-11;990785519574787.8
2017-03-12;992601848213688.1
2017-03-13;992733722951098.8
2017-03-14;988619584991057.2
2017-03-15;987877390482763.1
2017-03-16;990498893271454.0
2017-03-17;991482692385840.8
2017-03-18;993237090396909.2
2017-03-19;995861422012896.2
2017-03-20;994331670915577.9
2017-03-21;1018141639172155.2
2017-03-22;1019037169435900.0
2017-03-23;1020071151819897.5
2017-03-24;1021867966085186.5
2017-03-25;1023883056166450.1
2017-03-26;1026047206150732.0
2017-03-27;1023751602996684.1
2017-03-28;1021444590448481.1
2017-03-29;1022493701875840.8
2017-03-30;1021905580671853.5
2017-03-31;1021938996857023.1
2017-04-01;1023286734351924.6
2017-04-02;1025172870277916.4
2017-04-03;1024210142394449.8
2017-04-04;1026119321661305.2
2017-04-05;1025976808204223.1
2017-04-06;1027100561187810.2
2017-04-07;1028709502217938.0
2017-04-08;1031199086716830.8
2017-04-09;1033229260698625.6
2017-04-10;1032764313910771.8
2017-04-11;1032149285332397.0
2017-04-12;1031835369849216.8
2017-04-13;1032831351897912.4
2017-04-14;1035327191269584.0
2017-04-15;1035297961609696.0
2017-04-16;1037698444848634.6
2017-04-17;1037695802143629.0
2017-04-18;1035509912780138.1
2017-04-19;1035220344876892.8
2017-04-20;1011244371492769.1
2017-04-21;1012760659960369.6
2017-04-22;1014413871255449.9
2017-04-23;1015406575877521.8
2017-04-24;1015529296950496.9
2017-04-25;1015423789009643.5
2017-04-26;1016556001914442.0
2017-04-27;1018505608405263.1
2017-04-28;1019149316025884.2
2017-04-29;1020899087320492.2
2017-04-30;1022363819920320.5
2017-05-01;1023610777142543.4
2017-05-02;1022907775267295.5
2017-05-03;1025038969910662.1
2017-05-04;1023008038106354.9
2017-05-05;1023108723144799.8
2017-05-06;1028424200595809.8
2017-05-07;1036298311441817.5
2017-05-08;1039810632362957.2
2017-05-09;1043283977190419.8
2017-05-10;1045084299146504.9
2017-05-11;1048215818622531.2
2017-05-12;1052005398402830.0
2017-05-13;1054693630450697.2
2017-05-14;1056972869880012.0
2017-05-15;1058000336550921.5
2017-05-16;1057573736159219.9
2017-05-17;1057598955754933.0
2017-05-18;1059406646193047.2
2017-05-19;1063905386443364.5
2017-05-20;1070092216829213.6
2017-05-21;1073260346302345.6
2017-05-22;1072535348133574.4
2017-05-23;1072654819941591.4
2017-05-24;1074041325975935.2
2017-05-25;1079328192647126.2
2017-05-26;1080447510325393.0
2017-05-27;1082546154587926.5
2017-05-28;1083536708327371.9
2017-05-29;1084879864530372.5
2017-05-30;1085615265234012.1
2017-05-31;1086761036140567.5
2017-06-01;1088244296843641.2
2017-06-02;1088459800084670.5
2017-06-03;1089345831316166.5
2017-06-04;1090341808609479.9
2017-06-05;1089065194836541.5
2017-06-06;1082719159180838.4
2017-06-07;1081409231360244.4
2017-06-08;1077636357185256.6
2017-06-09;1078223713223899.1
2017-06-10;1078999598630730.6
2017-06-11;1079814136464809.5
2017-06-12;1078759964674784.8
2017-06-13;1077729519648514.1
2017-06-14;1078136881706290.6
2017-06-15;1079982096270596.9
2017-06-16;1082079518559123.2
2017-06-17;1082486172353053.8
2017-06-18;1080947278865264.2
2017-06-19;1076196125872595.9
2017-06-20;1073276819618658.6
2017-06-21;1071900111476777.2
2017-06-22;1071063046009249.0
2017-06-23;1071637974990938.5
2017-06-24;1072160820895792.9
2017-06-25;1073337818527243.2
2017-06-26;1072353783489133.1
2017-06-27;1071717161378889.0
2017-06-28;1070278861632497.4
2017-06-29;1070459766793630.0
2017-06-30;1069624718752926.2
2017-07-01;1069352915415187.5
2017-07-02;1069260694257508.4
2017-07-03;1068236073588605.6
2017-07-04;1066634853509204.5
2017-07-05;1066748530572745.1
2017-07-06;1066009671866590.2
2017-07-07;1068107287115992.0
2017-07-08;1070134529721713.1
2017-07-09;1065215296486604.2
2017-07-10;1060748351276278.5
2017-07-11;1060437439378817.4
2017-07-12;1058758103110233.0
2017-07-13;1058429403078016.5
2017-07-14;1058434487998016.2
2017-07-15;1058402197740597.5
2017-07-16;1058290008998334.8
2017-07-17;1057989136322989.8
2017-07-18;1058206034499025.6
2017-07-19;1057851464488196.5
2017-07-20;1059712389622860.8
2017-07-21;1061359555975716.8
2017-07-22;1063185946306401.9
2017-07-23;1064794683255656.0
2017-07-24;1063609772649765.2
2017-07-25;1061982201284053.8
2017-07-26;1061833562796277.6
2017-07-27;1061899581124119.2
2017-07-28;1060628803858832.8
2017-07-29;1062491682239385.8
2017-07-30;1063333037295058.2
2017-07-31;1061852472986058.4
2017-08-01;1061695355474515.9
2017-08-02;1060563833772813.9
2017-08-03;1061085405736524.2
2017-08-04;1060923672125941.2
2017-08-05;1062842878106820.4
2017-08-06;1065288319784210.0
2017-08-07;1063240338227779.6
2017-08-08;1062949246768922.9
2017-08-09;1064133910814411.6
2017-08-10;1060789507173192.9
2017-08-11;1061077823424176.4
2017-08-12;1062165720616455.9
2017-08-13;1061532228035461.1
2017-08-14;1059302544862133.6
2017-08-15;1057604842457231.8
2017-08-16;1057632451812522.6
2017-08-17;1061546742213486.9
2017-08-18;1061262773166098.8
2017-08-19;1060827449830432.2
2017-08-20;1062889001461172.4
2017-08-21;1062374678850720.0
2017-08-22;1060916179845604.9
2017-08-23;1060192599588320.8
2017-08-24;1061089782551773.5
2017-08-25;1060413843074774.5
2017-08-26;1061643577694261.9
2017-08-27;1063947923954383.8
2017-08-28;1061971756820156.4
2017-08-29;1060978973701695.6
2017-08-30;1062538197576351.4
2017-08-31;1062103313757448.0
2017-09-01;1063445830842669.0
2017-09-02;1064025414833767.4
2017-09-03;1065328224781956.8
2017-09-04;1064389327782179.6
2017-09-05;1062213203809298.2
2017-09-06;1063913066061059.5
2017-09-07;1063624093016409.2
2017-09-08;1064202310338393.8
2017-09-09;1065733380067472.8
2017-09-10;1067117732097950.8
2017-09-11;1067771078577222.0
2017-09-12;1068216230863205.4
2017-09-13;1070660399051900.0
2017-09-14;1069940475719994.0
2017-09-15;1071029733518272.6
2017-09-16;1070109026630855.4
2017-09-17;1073359246595845.2
2017-09-18;1072544893956968.2
2017-09-19;1072428632812617.6
2017-09-20;1073516565695896.0
2017-09-21;1072810248200188.8
2017-09-22;1074656418046233.8
2017-09-23;1077164781821979.1
2017-09-24;1079120499594539.8
2017-09-25;1076978299338585.8
2017-09-26;1074046856055694.2
2017-09-27;1072936479701850.2
2017-09-28;1072806433808428.8
2017-09-29;1073526905086060.6
2017-09-30;1075015436438841.8
2017-10-01;1076287784261986.6
2017-10-02;1076581438811552.0
2017-10-03;1075744058788462.0
2017-10-04;1074139079975157.2
2017-10-05;1079189901328493.5
2017-10-06;1080403478999017.4
2017-10-07;1084098903345959.6
2017-10-08;1085842498260735.9
2017-10-09;1086641582998109.5
2017-10-10;1085652875243840.8
2017-10-11;1086841526107339.2
2017-10-12;1087657663369811.1
2017-10-13;1088681287688133.0
2017-10-14;1091305091341389.0
2017-10-15;1093806799233611.0
2017-10-16;1092300703092780.5
2017-10-17;1091833833805575.9
2017-10-18;1091545162128423.5
2017-10-19;1091541208911022.2
2017-10-20;1093014491050157.5
2017-10-21;1097357503164114.0
2017-10-22;1098824359409394.9
2017-10-23;1097406120001534.0
2017-10-24;1084001603134306.8
2017-10-25;1083120412255510.8
2017-10-26;1085670195415764.5
2017-10-27;1088662748185578.4
2017-10-28;1092052262226965.2
2017-10-29;1096445476993544.2
2017-10-30;1098047811090167.5
2017-10-31;1098490817162534.8
2017-11-01;1099031444566765.5
2017-11-02;1100634640267950.0
2017-11-03;1102660757744233.6
2017-11-04;1102606836121130.8
2017-11-05;1107448255060071.0
2017-11-06;1106326373309558.2
2017-11-07;1105407136515923.8
2017-11-08;1105071536383354.8
2017-11-09;1109102547988892.2
2017-11-10;1109057680122686.2
2017-11-11;1111973820596900.2
2017-11-12;1113896035894331.2
2017-11-13;1112999535469886.1
2017-11-14;1111687922618435.8
2017-11-15;1112425805498177.0
2017-11-16;1113455603261326.8
2017-11-17;1114912866235760.5
2017-11-18;1116342749764481.1
2017-11-19;1117583126143050.2
2017-11-20;1115275244152292.0
2017-11-21;1113613444434562.9
2017-11-22;1114528955109817.4
2017-11-23;1112839080264470.9
2017-11-24;1113038944230450.5
2017-11-25;1114101884559715.9
2017-11-26;1113737303922516.0
2017-11-27;1112455126679142.9
2017-11-28;1108754542822141.1
2017-11-29;1106676742696720.8
2017-11-30;1105677682065448.5
2017-12-01;1106363329039758.5
2017-12-02;1106727727510152.0
2017-12-03;1111014749296407.9
2017-12-04;1108118781265852.2
2017-12-05;1107960023562159.0
2017-12-06;1111819229534894.6
2017-12-07;1113474461395286.0
2017-12-08;1114592973061098.0
2017-12-09;1115735625961550.2
2017-12-10;1117953157847380.8
2017-12-11;1117861809416203.6
2017-12-12;1116286169470188.5
2017-12-13;1116609223858251.1
2017-12-14;1117550355784628.0
2017-12-15;1119699915028158.4
2017-12-16;1119376122338157.0
2017-12-17;1120327215410372.6
2017-12-18;1118100366294545.2
2017-12-19;1119077740671698.4
2017-12-20;1121854684638285.6
2017-12-21;1123136254903108.4
2017-12-22;1125616635384635.5
2017-12-23;1127721040835832.2
2017-12-24;1130805463689466.8
2017-12-25;1131473047138846.0
2017-12-26;1130780633718479.5
2017-12-27;1132503255308086.0
2017-12-28;1135729125994101.2
2017-12-29;1136663175280490.0
2017-12-30;1137621042868742.5
2017-12-31;1139789931311920.0
2018-01-01;1140869942116370.2
2018-01-02;1140534260098188.8
2018-01-03;1140103809682243.0
2018-01-04;1138516203730057.2
2018-01-05;1139643752786878.8
2018-01-06;1139840420166003.0
2018-01-07;1138363902102607.5
2018-01-08;1136759837962257.8
2018-01-09;1134767018077345.5
2018-01-10;1135421689430594.8
2018-01-11;1136539366241548.0
2018-01-12;1137327421524776.5
2018-01-13;1139816916591374.0
2018-01-14;1141333116751710.8
2018-01-15;1142287130025843.8
2018-01-16;1140782573917067.5
2018-01-17;1140623718395089.5
2018-01-18;1140497866382258.8
2018-01-19;1137242403263874.5
2018-01-20;1138272907984201.5
2018-01-21;1140315384327143.5
2018-01-22;1137720468305724.2
2018-01-23;1140047006567070.0
2018-01-24;1139841272603820.5
2018-01-25;1139753736997922.5
2018-01-26;1139522240672318.5
2018-01-27;1142267234508413.2
2018-01-28;1141866465404714.8
2018-01-29;1141734964512831.0
2018-01-30;1139904061169536.5
2018-01-31;1138296556060712.2
2018-02-01;1136354996987254.5
2018-02-02;1136117722710799.8
2018-02-03;1138927480762052.2
2018-02-04;1137905567597706.2
2018-02-05;1135374175411284.2
2018-02-06;1137346837172471.0
2018-02-07;1138453517889535.8
2018-02-08;1139609196135270.5
2018-02-09;1139675392903955.0
2018-02-10;1142294317456692.5
2018-02-11;1144003052185417.2
2018-02-12;1142474966768324.0
2018-02-13;1140697037649833.8
2018-02-14;1141664924808660.0
2018-02-15;1140598309056523.8
2018-02-16;1142942517935180.0
2018-02-17;1144361868523386.2
2018-02-18;1146104048273074.5
2018-02-19;1147153235913272.8
2018-02-20;1143195170114949.0
2018-02-21;1144361289817306.0
2018-02-22;1142744262343948.0
2018-02-23;1140870529447703.8
2018-02-24;1142489132069462.8
2018-02-25;1144784771066445.0
2018-02-26;1143090005338474.5
2018-02-27;1141743300576196.2
2018-02-28;1141073579822255.0
2018-03-01;1141282374731608.2
2018-03-02;1141008855448695.8
2018-03-03;1143203855171001.0
2018-03-04;1145115258720282.5
2018-03-05;1144143775813876.8
2018-03-06;1144197365399429.5
2018-03-07;1143016988956883.8
2018-03-08;1143183337907244.2
2018-03-09;1145011340016933.5
2018-03-10;1146426490496813.8
2018-03-11;1147789385732020.5
2018-03-12;1147506283468688.8
2018-03-13;1146205161677553.0
2018-03-14;1146599648273291.0
2018-03-15;1144305648492743.0
2018-03-16;1145173476944532.8
2018-03-17;1147482323459359.0
2018-03-18;1148926748953803.0
2018-03-19;1149744379062562.5
2018-03-20;1146671490069023.5
2018-03-21;1142893040477958.5
2018-03-22;1138996833451071.0
2018-03-23;1139184904601045.0
2018-03-24;1142572316338820.8
2018-03-25;1144806502831766.0
2018-03-26;1142940505589682.2
2018-03-27;1141277134309191.5
2018-03-28;1140894275356865.5
2018-03-29;1140633264762760.5
2018-03-30;1141231922503253.0
2018-03-31;1142446584325180.8
2018-04-01;1143371110115704.5
2018-04-02;1142662423226295.2
2018-04-03;1140708462443336.8
2018-04-04;1142134295022598.8
2018-04-05;1142622984444865.5
2018-04-06;1143633905267660.5
2018-04-07;1143278996678273.5
2018-04-08;1142368072804828.2
2018-04-09;1142188128729211.0
2018-04-10;1138899600184589.5
2018-04-11;1139646591634912.8
2018-04-12;1140528350588871.8
2018-04-13;1144706712584328.2
2018-04-14;1150055608037277.0
2018-04-15;1155646520163095.2
2018-04-16;1157054839836700.5
2018-04-17;1155197835614563.5
2018-04-18;1156807781788302.5
2018-04-19;1158532749296421.0
2018-04-20;1161817294839460.5
2018-04-21;1165584266961032.5
2018-04-22;1168416658976282.5
2018-04-23;1167097277381476.8
2018-04-24;1165761029115120.0
2018-04-25;1168483379657078.2
2018-04-26;1171686619726862.0
2018-04-27;1170671555782915.2
2018-04-28;1173208528265763.8
2018-04-29;1174850746897376.0
2018-04-30;1178946300613729.8
2018-05-01;1183649069545311.5
2018-05-02;1185531416606059.0
2018-05-03;1190846828043087.0
2018-05-04;1199368183986404.0
2018-05-05;1212408880866242.8
2018-05-06;1219231173317365.5
2018-05-07;1220657969648964.8
2018-05-08;1222699794754033.5
2018-05-09;1224723229570772.2
2018-05-10;1230046065914376.0
2018-05-11;1233035076488796.0
2018-05-12;1234266022316496.5
2018-05-13;1235031213432294.2
2018-05-14;1233829183695223.8
2018-05-15;1230887245900922.8
2018-05-16;1230908849372152.8
2018-05-17;1230822219253049.0
2018-05-18;1227961034565130.5
2018-05-19;1230744998299924.0
2018-05-20;1232588509613283.5
2018-05-21;1233484684176913.2
2018-05-22;1232671820964006.8
2018-05-23;1234040427575280.5
2018-05-24;1234478647179744.5
2018-05-25;1235257021337953.5
2018-05-26;1236519210771404.5
2018-05-27;1239012816565801.2
2018-05-28;1240095426271237.5
2018-05-29;1241682555072358.2
2018-05-30;1242681854216139.2
2018-05-31;1242967683044827.0
2018-06-01;1243397276206884.0
2018-06-02;1246163021111855.0
2018-06-03;1245898185501584.8
2018-06-04;1243759467581154.5
2018-06-05;1238627203446317.8
2018-06-06;1229507995946256.8
2018-06-07;1221821127564907.5
2018-06-09;1220636938068217.5
2018-06-10;1221430456336542.2
2018-06-11;1220973017997857.2
2018-06-12;1216655666979253.8
2018-06-13;1217773654875814.0
2018-06-14;1216409724474394.0
2018-06-15;1217498170311693.2
2018-06-16;1218513451267118.0
2018-06-17;1220117880089867.5
2018-06-18;1219442883873546.8
2018-06-19;1217849960305736.2
2018-06-20;1218268753521205.2
2018-06-21;1216895799292565.0
2018-06-22;1217569675091188.0
2018-06-23;1218406556811015.5
2018-06-24;1217859468517933.5
2018-06-25;1215938161438872.2
2018-06-26;1213737054534258.0
2018-06-27;1211951698063549.0
2018-06-28;1210260586245557.5
2018-06-29;1209372484259409.8
2018-06-30;1206250258917912.5
2018-07-01;1203711073014614.5
2018-07-02;1200744601665098.8
2018-07-03;1194778605891077.5
2018-07-04;1193532212751019.0
2018-07-05;1192190445514733.2
2018-07-06;1191144417395732.2
2018-07-07;1191404688639217.5
2018-07-08;1190443415452716.8
2018-07-09;1185582285497556.0
2018-07-10;1182173375836529.2
2018-07-11;1182639183958917.2
2018-07-12;1180567647387265.8
2018-07-13;1179342140467024.0
2018-07-14;1180840476835943.0
2018-07-15;1181402667127628.0
2018-07-16;1179977490327837.0
2018-07-17;1177023991626291.5
2018-07-18;1176153508015977.5
2018-07-19;1175166807576634.2
2018-07-20;1175275655573487.2
2018-07-21;1177302086821826.8
2018-07-22;1177848973622868.0
2018-07-23;1176417053457781.8
2018-07-24;1174884536314303.0
2018-07-25;1175726795633926.2
2018-07-26;1173258143526600.5
2018-07-27;1175544269442441.5
2018-07-28;1177773625482185.2
2018-07-29;1179932825187556.8
2018-07-30;1180674532311631.0
2018-07-31;1180265666890380.0
2018-08-01;1180402666242004.2
2018-08-02;1180954427329025.0
2018-08-03;1178053958090165.5
2018-08-04;1178432826297707.0
2018-08-05;1181043723994586.5
2018-08-06;1179954863131548.5
2018-08-07;1176900583843124.5
2018-08-08;1176797010851838.5
2018-08-09;1179664847546433.8
2018-08-10;1178165904140659.8
2018-08-11;1179135548119643.0
2018-08-12;1181519115988470.5
2018-08-13;1181376802150679.5
2018-08-14;1177864024918015.5
2018-08-15;1178612818687577.5
2018-08-16;1178597057218284.8
2018-08-17;1179866897059695.8
2018-08-18;1181760892375909.0
2018-08-19;1183670256737957.0
2018-08-20;1179997510379586.2
2018-08-21;1180269478960826.5
2018-08-22;1179980132128555.5
2018-08-23;1182165917766256.2
2018-08-24;1182737816404905.2
2018-08-25;1185120488443733.8
2018-08-26;1188989999980528.8
2018-08-27;1187945153024273.5
2018-08-28;1188371883238574.5
2018-08-30;1187345572754220.5
2018-08-31;1187449064730442.0
2018-09-01;1187883286761684.8
2018-09-03;1190468444200556.5
2018-09-04;1188181601300049.5
2018-09-06;1187127863273566.8
2018-09-07;1186921312826459.0
2018-09-09;1187030842024028.2
2018-09-10;1185808750613698.2
2018-09-11;1183747248815379.0
2018-09-12;1183492717970240.2
2018-09-13;1184640500408668.2
2018-09-14;1183762900559696.0
2018-09-15;1184635625113557.0
2018-09-16;1185491452704266.2
2018-09-17;1184047154485659.5
2018-09-18;1182868452704308.5
2018-09-19;1181980963146617.0
2018-09-20;1181517081192875.5
2018-09-21;1182994302100077.0
2018-09-22;1182994302100069.8
2018-09-23;1184609821014252.0
2018-09-24;1186396747163956.0
2018-09-25;1183362708808061.8
2018-09-26;1177337412252726.2
2018-09-27;1177966142918544.8
2018-09-28;1178209726511979.0
2018-09-29;1177840934440724.0
2018-09-30;1181483061264462.0
2018-10-01;1183489410752850.2
2018-10-02;1181912988055807.2
2018-10-03;1178868988056014.0
2018-10-04;1178838968850596.0
2018-10-05;1180404666361847.8
2018-10-06;1179298804580085.2
2018-10-07;1182292075365302.5
2018-10-08;1186248611217130.5
2018-10-09;1185013449013852.8
2018-10-10;1185305921301789.2
2018-10-11;1182841546004153.8
2018-10-12;1181864093452948.0
2018-10-13;1184379825160638.0
2018-10-14;1185671941584210.5
2018-10-15;1186821360894646.0
2018-10-16;1184635809059299.2
2018-10-17;1184172847473768.8
2018-10-18;1185409239112782.5
2018-10-19;1187673039903322.5
2018-10-20;1190420304946352.2
2018-10-21;1192866512630891.2
2018-10-22;1192969921511933.0
2018-10-23;1190883037900983.5
2018-10-24;1192399979368258.2
2018-10-25;1195342100229908.2
2018-10-26;1196634537690206.5
2018-10-27;1200688776721912.5
2018-10-28;1204708497172120.5
2018-10-29;1204808445610700.0
2018-10-31;1207407251718536.2
2018-11-01;1207267127004209.0
2018-11-02;1208370538451032.8
2018-11-03;1211665305140719.8
2018-11-04;1213161616351351.5
2018-11-05;1211406686586234.0
2018-11-06;1208943784102054.0
2018-11-07;1209163315894302.5
2018-11-08;1208539549801552.8
2018-11-09;1209893807450899.5
2018-11-10;1210180406982484.5
2018-11-11;1212930039576096.8
2018-11-12;1212556018068315.8
2018-11-13;1212642223682239.5
2018-11-14;1211535655155237.5
2018-11-15;1213750502630068.5
2018-11-16;1221928830972337.8
2018-11-17;1231604132098777.2
2018-11-18;1237064652420464.2
2018-11-19;1236444146539153.5
2018-11-20;1235468475281908.0
2018-11-21;1237013879595276.5
2018-11-22;1237825241088168.5
2018-11-23;1239075741365772.5
2018-11-24;1239705036922511.5
2018-11-25;1241570396064953.0
2018-11-26;1240548510514326.0
2018-11-27;1238900654589255.0
2018-11-28;1239228246357557.2
2018-11-29;1239947504757170.8
2018-11-30;1240931973730829.5
2018-12-02;1243715580680712.5
2018-12-03;1242643716941278.5
2018-12-04;1241546002025304.5
2018-12-05;1243084484224471.5
2018-12-06;1246479680070155.8
2018-12-07;1247204615809565.2
2018-12-08;1251967725782938.0
2018-12-09;1253958592055594.5
2018-12-10;1254253326284346.5
2018-12-11;1262332921473324.8
2018-12-12;1271803690397163.5
2018-12-13;1277509827476070.8
2018-12-14;1282630948342999.2
2018-12-15;1292172144793831.5
2018-12-16;1298156902652304.5
2018-12-17;1296585361670431.0
2018-12-18;1294207935115100.2
2018-12-19;1295009926153599.5
2018-12-20;1296487252080723.2
2018-12-21;1298814938034089.5
2018-12-22;1302647938984593.8
2018-12-23;1305946762585460.5
2018-12-24;1306090610844219.0
2018-12-25;1305772642160538.5
2018-12-26;1308874775353560.0
2018-12-27;1309948521970473.0
2018-12-28;1312200900273954.5
2018-12-29;1317995418017199.2
2018-12-30;1319856326938425.8
2018-12-31;1321080592295178.5
2019-01-01;1320881313455269.8
2019-01-02;1322579933952348.0
2019-01-03;1323699330413151.8
2019-01-04;1325003617425405.5
2019-01-05;1327647569429153.2
2019-01-06;1331057336530792.2
2019-01-07;1329761849524657.5
2019-01-08;1331403039663429.0
2019-01-09;1334941561923447.2
2019-01-10;1333950209929907.2
2019-01-11;1332606878232184.5
2019-01-12;1334691632569026.2
2019-01-13;1335404583167086.8
2019-01-14;1330542261931163.5
2019-01-15;1327647560505979.8
2019-01-16;1328228855193318.8
2019-01-17;1329621780150046.0
2019-01-18;1331654865518334.5
2019-01-19;1332565595724362.5
2019-01-20;1334113255489941.5
2019-01-21;1331598386744793.5
2019-01-22;1329323889957323.0
2019-01-23;1325346631949010.0
2019-01-24;1321218845646435.8
2019-01-25;1317376917858262.0
2019-01-26;1311144768996656.2
2019-01-27;1299365457656632.8
2019-01-28;1289657559523286.5
2019-01-29;1286935408426288.0
2019-01-30;1285854569826970.2
2019-01-31;1284564157994590.0
2019-02-01;1284984419601184.0
2019-02-02;1287240217253270.5
2019-02-03;1288260985424260.0
2019-02-04;1287245934279273.5
2019-02-05;1284418998228579.2
2019-02-06;1282560042541478.5
2019-02-07;1283477474614723.5
2019-02-08;1285258497519292.0
2019-02-09;1289622854788708.5
2019-02-10;1293232592741398.0
2019-02-11;1292453563878231.2
2019-02-12;1291357261741184.8
2019-02-14;1292866674236148.2
2019-02-15;1294558647138071.0
2019-02-16;1295495908704866.8
2019-02-17;1298321807441258.2
2019-02-18;1297662494739520.2
2019-02-19;1295722115160432.0
2019-02-20;1295687565546480.2
2019-02-21;1297801879145821.5
2019-02-22;1299654482210877.2
2019-02-23;1303912119459813.0
2019-02-24;1305697890693478.5
2019-02-25;1306162194560138.8
2019-02-26;1305676592220886.2
2019-02-27;1306410188643674.8
2019-02-28;1307726584085710.2
2019-03-01;1308958259224853.2
2019-03-02;1311284788406149.0
2019-03-03;1313418951722691.8
2019-03-04;1313086186085965.2
2019-03-05;1313518725269025.0
2019-03-06;1313908317620050.8
2019-03-07;1316386704241598.8
2019-03-08;1317463930348846.8
2019-03-09;1320035901212608.0
2019-03-10;1321484392300699.8
2019-03-11;1317965663357228.2
2019-03-12;1313795115217549.5
2019-03-13;1313804119084846.8
2019-03-14;1313486568988100.2
2019-03-15;1315998755166960.2
2019-03-16;1315998896880300.5
2019-03-17;1320009202586970.5
2019-03-18;1317454532665167.2
2019-03-19;1313530913970754.0
2019-03-20;1311211416085746.5
2019-03-21;1315086691520277.0
2019-03-22;1314556530183266.5
2019-03-23;1315321610529746.8
2019-03-24;1316163652005106.0
2019-03-25;1315904851511505.8
2019-03-26;1313230626887977.5
2019-03-27;1313790424205734.5
2019-03-28;1312946952778908.5
2019-03-29;1323122617776161.8
2019-03-30;1331371979402661.8
2019-03-31;1336929643482858.2
2019-04-01;1337598782783040.5
2019-04-02;1336934427311629.8
2019-04-03;1336358962573404.2
2019-04-04;1335566808937029.2
2019-04-05;1337303358004248.5
2019-04-06;1337979033516898.8
2019-04-07;1338620209386055.5
2019-04-08;1337406536457728.2
2019-04-09;1336463929002959.0
2019-04-10;1335342063804351.5
2019-04-11;1336485790353703.0
2019-04-12;1335339016656204.8
2019-04-13;1337750653357289.0
2019-04-14;1336993379995135.8
2019-04-15;1332949436192189.5
2019-04-16;1327495841893001.5
2019-04-17;1327004257658080.5
2019-04-18;1327744567649331.2
2019-04-19;1329409548259469.2
2019-04-20;1330805484527092.5
2019-04-21;1331188985242923.5
2019-04-22;1331915330675020.0
2019-04-23;1329625422945081.5
2019-04-24;1330220221106550.2
2019-04-25;1333654087512470.5
2019-04-26;1335114832864005.5
2019-04-27;1336515215042049.5
2019-04-28;1335441480465572.2
2019-04-29;1328470561871316.0
2019-04-30;1318390089735280.2
2019-05-01;1305363691398191.5
2019-05-02;1318806786632495.8
2019-05-03;1332707737962290.5
2019-05-04;1344521025752573.5
2019-05-05;1351522580416494.5
2019-05-06;1356028742990910.2
2019-05-07;1357352397307979.2
2019-05-08;1361188456540773.8
2019-05-09;1364107934655757.8
2019-05-10;1366950301478762.0
2019-05-11;1372295732669755.5
2019-05-12;1374726879185002.8
2019-05-13;1375499473712861.0
2019-05-14;1375070540426357.8
2019-05-15;1378044124038185.8
2019-05-16;1380101263540525.5
2019-05-17;1382282188724564.0
2019-05-18;1384951969978693.5
2019-05-19;1386492970655287.0
2019-05-20;1386095624899768.0
2019-05-21;1386014650829752.8
2019-05-22;1386035710575016.2
2019-05-23;1386394550195685.5
2019-05-24;1388172578297070.5
2019-05-25;1392542391476993.0
2019-05-26;1394643549407541.0
2019-05-27;1395849746569649.5
2019-05-28;1397763991147270.5
2019-05-29;1403057713871804.5
2019-05-30;1405971972432082.2
2019-05-31;1408778976519912.0
2019-06-01;1409580571034758.0
2019-06-02;1408439250399401.5
2019-06-03;1405503792154317.2
2019-06-04;1403442719878816.2
2019-06-05;1402210063535829.2
2019-06-06;1401599871381090.0
2019-06-07;1402462224202193.0
2019-06-08;1403273096985962.2
2019-06-09;1402931337567674.5
2019-06-10;1399822873607829.5
2019-06-11;1396266372402999.5
2019-06-12;1395459992273093.0
2019-06-13;1397916049560496.8
2019-06-14;1397730151930625.8
2019-06-15;1396934293783611.0
2019-06-16;1391216551127914.2
2019-06-17;1385302774168261.5
2019-06-18;1386018410825982.8
2019-06-19;1378999418883322.2
2019-06-20;1373422772629702.2
2019-06-21;1369556217893008.5
2019-06-22;1368030074631485.5
2019-06-23;1367680158214209.5
2019-06-24;1367649666693597.2
2019-06-25;1367061744456321.0
2019-06-26;1362969771184406.0
2019-06-27;1362373225821492.2
2019-06-28;1358865496032944.0
2019-06-29;1356640662974638.2
2019-06-30;1355425331449871.0
2019-07-01;1353354084534442.0
2019-07-02;1353078815382981.5
2019-07-03;1349673449697175.2
2019-07-04;1348980020190541.2
2019-07-05;1348420677680963.8
2019-07-06;1348410493592326.0
2019-07-07;1350178703132936.0
2019-07-08;1350579148057875.2
2019-07-09;1348245099704372.5
2019-07-10;1347619971964592.5
2019-07-11;1345591099977996.5
2019-07-12;1343983524887604.8
2019-07-13;1341867848260708.0
2019-07-14;1340485754132420.5
2019-07-15;1342469165690606.8
2019-07-16;1339641521518610.2
2019-07-17;1335236335910332.0
2019-07-18;1333911353029559.2
2019-07-19;1335872896869225.5
2019-07-20;1338445158169600.8
2019-07-21;1339631528797993.0
2019-07-22;1341336013903125.2
2019-07-23;1341147999075637.8
2019-07-24;1341246082207683.5
2019-07-25;1342394295073468.5
2019-07-26;1342423377525981.0
2019-07-27;1342554451808846.8
2019-07-28;1342157123901051.2
2019-07-29;1340082312147954.5
2019-07-30;1339541336854474.5
2019-07-31;1337080450527834.0
2019-08-01;1334694338944659.5
2019-08-02;1333245463680575.2
2019-08-03;1332681571836384.2
2019-08-04;1332137187184973.8
2019-08-05;1330951823747607.2
2019-08-06;1330119072079211.2
2019-08-07;1327057485514266.0
2019-08-08;1325788306657409.2
2019-08-09;1323079477182919.0
2019-08-10;1320818879131535.8
2019-08-11;1319622578229055.2
2019-08-12;1320068800491574.8
2019-08-13;1318452672723610.8
2019-08-14;1316056344209568.0
2019-08-15;1317702106241503.5
2019-08-16;1316532304078001.0
2019-08-17;1313908936904350.2
2019-08-18;1312997382834917.2
2019-08-19;1311755524010207.2
2019-08-20;1308936028334247.2
2019-08-21;1306304365235950.8
2019-08-22;1304745301918306.0
2019-08-23;1301455718128781.0
2019-08-24;1295948475054441.5
2019-08-25;1292694898236713.0
2019-08-26;1297128796401412.2
2019-08-27;1295727769802707.0
2019-08-28;1294354638792629.5
2019-08-29;1291442990455171.5
2019-08-30;1289517517805988.2
2019-08-31;1287985964311489.2
2019-09-01;1287560416304061.5
2019-09-02;1284801425182005.2
2019-09-03;1282997207052684.8
2019-09-04;1282645723402127.8
2019-09-05;1280402923504161.0
2019-09-06;1279278980180157.2
2019-09-07;1277603184721272.2
2019-09-08;1277495214561577.5
2019-09-09;1278131847069696.2
2019-09-10;1277494444620304.0
2019-09-11;1274447343623153.0
2019-09-12;1273276192937498.2
2019-09-13;1272528120517969.0
2019-09-14;1267096938662822.5
2019-09-15;1265166674426017.8
2019-09-16;1262304885634098.0
2019-09-17;1260106254274923.0
2019-09-18;1258041414414528.8
2019-09-19;1257625330700120.0
2019-09-20;1256259699140636.5
2019-09-21;1255802162023299.5
2019-09-23;1256057138666406.0
2019-09-24;1252299516883967.2
2019-09-25;1240769937328093.5
2019-09-26;1234779098359444.0
2019-09-27;1233275090682230.5
2019-09-28;1233048719089467.0
2019-09-29;1232778120824228.2
2019-09-30;1232826542172667.8
2019-10-01;1227722919086746.2
2019-10-02;1227004959625971.0
2019-10-03;1226058652567390.2
2019-10-04;1224952697405140.0
2019-10-05;1224642347507739.5
2019-10-06;1223778139557051.5
2019-10-07;1223165774779926.5
2019-10-08;1222524157010305.5
2019-10-09;1220235179892019.0
2019-10-10;1218570611689610.5
2019-10-11;1219163827666873.2
2019-10-12;1218472389724270.2
2019-10-13;1219560025811950.0
2019-10-14;1219103844814666.0
2019-10-15;1217752934436868.0
2019-10-16;1216617545272652.8
2019-10-17;1217936646492346.5
2019-10-18;1218201213819771.8
2019-10-19;1219837449789315.8
2019-10-20;1221091330882768.0
2019-10-21;1218343761049973.0
2019-10-22;1217470295677487.2
2019-10-23;1216995407617980.0
2019-10-24;1219263339463606.8
2019-10-25;1220158073494467.2
2019-10-26;1220526416805769.8
2019-10-27;1222656279433939.5
2019-10-28;1224500325693008.0
2019-10-29;1224588063314768.0
2019-10-30;1224976649408888.2
2019-10-31;1225803933068766.5
2019-11-01;1225323660436970.8
2019-11-02;1224711320218264.0
2019-11-03;1226461464590908.5
2019-11-04;1226080765907985.2
2019-11-05;1226758175435350.0
2019-11-06;1225286728923698.2
2019-11-07;1225844286325147.5
2019-11-08;1225574156894650.0
2019-11-09;1226628187581673.0
2019-11-10;1226194949713088.0
2019-11-11;1227859681179630.8
2019-11-12;1229074458819694.8
2019-11-13;1229488555941938.0
2019-11-14;1231020626724181.8
2019-11-15;1230970114311122.8
2019-11-16;1229636919879521.8
2019-11-17;1230489167721649.5
2019-11-18;1231665205074376.0
2019-11-19;1232583184941187.0
2019-11-20;1231422124688683.5
2019-11-21;1230414888159576.5
2019-11-22;1230535955155617.5
2019-11-23;1228720263528455.8
2019-11-24;1229120538551190.5
2019-11-25;1231036710411796.8
2019-11-26;1230053455847477.0
2019-11-27;1229373618964307.2
2019-11-28;1229449034036685.2
2019-11-29;1227416430223233.5
2019-11-30;1227243157377538.2
2019-12-01;1229797171716703.5
2019-12-02;1230383686604624.0
2019-12-03;1228247801775849.5
2019-12-04;1225511986728739.2
2019-12-05;1222154974841187.0
2019-12-06;1222486623849962.8
2019-12-07;1222441489558605.0
2019-12-08;1223269535766378.0
2019-12-09;1223566115810913.0
2019-12-10;1215162364557209.8
2019-12-11;1210864197785978.2
2019-12-12;1211038358098493.8
2019-12-13;1212134235932770.0
2019-12-14;1214853535040834.2
2019-12-15;1217409759176981.2
2019-12-16;1221052308258643.5
2019-12-17;1253373338972250.0
2019-12-18;1254153388948077.2
2019-12-19;1257037317648495.0
2019-12-20;1260141501078629.2
2019-12-21;1260660884486876.2
2019-12-22;1263723028941847.2
2019-12-23;1264797805324638.0
2019-12-24;1262501856176335.8
2019-12-25;1262219872931772.2
2019-12-26;1264391049969627.0
2019-12-27;1266394162707292.0
2019-12-28;1266110588066545.0
2019-12-29;1269069932404418.0
2019-12-30;1270236801914552.5
2019-12-31;1270437623881021.0
2020-01-01;1269915254020090.0
2020-01-02;1268412803728049.2
2020-01-03;1271322880330139.5
2020-01-04;1272862304245320.8
2020-01-05;1276333911297290.5
2020-01-06;1277544687468027.8
2020-01-07;1277204783837494.2
2020-01-08;1278984220712578.5
2020-01-09;1281181699053866.5
2020-01-10;1282307463443449.0
2020-01-11;1283506836511175.0
2020-01-12;1284259903240047.0
2020-01-13;1283158285661943.5
2020-01-14;1280837691315765.5
2020-01-15;1279891016544249.5
2020-01-16;1281215553723554.0
2020-01-17;1282403383032958.0
2020-01-18;1283475467063547.2
2020-01-19;1285320408228214.2
2020-01-20;1285482651726614.2
2020-01-21;1286042610187401.8
2020-01-22;1285713261819815.5
2020-01-23;1283036128416223.0
2020-01-24;1284652157036393.2
2020-01-25;1289137531334415.0
2020-01-26;1290322781777802.0
2020-01-27;1288800707118137.5
2020-01-28;1284116386028350.5
2020-01-29;1283792347807650.0
2020-01-30;1280109965108280.5
2020-01-31;1275210077681833.0
2020-02-01;1273831013992697.2
2020-02-02;1265207765976833.0
2020-02-03;1259842398617071.0
2020-02-04;1257774939437319.5
2020-02-05;1257250630591763.5
2020-02-06;1253199452389334.2
2020-02-07;1253654461276773.2
2020-02-08;1253021118096222.5
2020-02-09;1257933681601507.2
2020-02-10;1255738701139435.5
2020-02-11;1252887616285182.2
2020-02-12;1250132709106155.8
2020-02-13;1249715751304533.8
2020-02-14;1252316434544232.8
2020-02-15;1256968291010805.8
2020-02-16;1259523468952859.5
2020-02-17;1259394766925404.0
2020-02-18;1257817253832650.5
2020-02-19;1259124269875985.8
2020-02-20;1260239057225141.5
2020-02-21;1261839995686203.8
2020-02-22;1266585650941771.0
2020-02-23;1269980504584028.0
2020-02-24;1270029789837381.0
2020-02-25;1256311307662444.5
2020-02-26;1249968899671928.0
2020-02-27;1252835871501471.5
2020-02-28;1256111865638128.5
2020-02-29;1261509271575997.2
2020-03-01;1264903838429059.0
2020-03-02;1266411525941667.0
2020-03-03;1265962185628564.0
2020-03-04;1266744205198024.8
2020-03-05;1268097019020546.5
2020-03-06;1267842562099154.0
2020-03-07;1265252406469687.5
2020-03-08;1269322233848679.8
2020-03-09;1268918879259938.2
2020-03-10;1265011372055083.8
2020-03-11;1265273666810076.5
2020-03-12;1265252406469682.2
2020-03-13;1267378395779737.0
2020-03-15;1279189469380825.0
2020-03-16;1279810826911157.5
2020-03-18;1280801369315279.5
2020-03-19;1282736251268759.0
2020-03-20;1285369910959560.5
2020-03-21;1287838149582910.0
2020-03-22;1291773127905622.8
2020-03-24;1290172652107346.8
2020-03-25;1290322388233068.8
2020-03-26;1285067645186805.0
2020-03-27;1283691521764657.0
2020-03-28;1288181330851468.0
2020-03-29;1292873588192350.0
2020-03-30;1293050355052309.5
2020-03-31;1292766922777164.5
2020-04-01;1292248323025248.8
2020-04-02;1295877751384923.8
2020-04-03;1301020181143990.8
2020-04-04;1306092617550898.2
2020-04-05;1308782546335144.8
2020-04-06;1309636176637320.0
2020-04-07;1312861480987260.0
2020-04-08;1313552139795352.8
2020-04-09;1317708387725276.5
2020-04-10;1322790952160735.2
2020-04-11;1327099168872849.0
2020-04-12;1332577378575081.5
2020-04-13;1330747552856340.0
2020-04-14;1322019965303123.2
2020-04-15;1321712706060833.0
2020-04-16;1323260888742444.2
2020-04-17;1323734110364784.8
2020-04-18;1325181561845685.2
2020-04-19;1326972125741289.0
2020-04-20;1327090418384643.2
2020-04-21;1325237275719815.0
2020-04-22;1326137171226709.5
2020-04-23;1326792342826968.0
2020-04-24;1331056557084047.2
2020-04-25;1334227032707935.5
2020-04-26;1335324340531485.0
2020-04-27;1336384302912908.2
2020-04-28;1334829966738952.8
2020-04-29;1334319768498996.8
2020-04-30;1337821785700501.8
2020-05-01;1336926813621229.5
2020-05-02;1337532444712655.5
2020-05-03;1334671283679054.5
2020-05-04;1332500804720623.2
2020-05-05;1335692499129098.2
2020-05-06;1341164988541459.0
2020-05-07;1344479965931288.8
2020-05-08;1345992148900002.0
2020-05-09;1346847619643281.5
2020-05-10;1345786972235552.5
2020-05-11;1345573140972189.0
2020-05-12;1340379677123029.2
2020-05-13;1338551139436851.5
2020-05-14;1336391870920102.5
2020-05-15;1335985382289569.0
2020-05-16;1335250859892622.8
2020-05-17;1337851226483179.2
2020-05-18;1335864839253071.8
2020-05-19;1333601338474338.8
2020-05-20;1333178483956090.8
2020-05-21;1335544496344835.2
2020-05-22;1337606723540165.5
2020-05-23;1340507622190263.8
2020-05-24;1338007194222788.5
2020-05-25;1336402449811184.5
2020-05-26;1336107666945343.5
2020-05-27;1336288020797753.0
2020-05-28;1337935111540905.5
2020-05-29;1338067453957098.8
2020-05-30;1339153636169783.8
2020-05-31;1341194644251210.8
2020-06-01;1340719486761111.8
2020-06-02;1339059178738339.2
2020-06-03;1342324076337785.8
2020-06-04;1342200706654928.0
2020-06-05;1342237615038545.5
2020-06-06;1344087443240194.8
2020-06-07;1345718159944751.5
2020-06-08;1347516254528545.5
2020-06-09;1348651932536915.5
2020-06-10;1350049451194881.5
2020-06-11;1348595767604257.8
2020-06-12;1348059662463960.2
2020-06-13;1349968581368315.8
2020-06-14;1350396778479981.5
2020-06-15;1348531419762335.2
2020-06-16;1344470652480953.5
2020-06-17;1342815599579359.0
2020-06-18;1342132512345308.2
2020-06-19;1340495029557191.0
2020-06-20;1341811022801716.0
2020-06-21;1342784152039798.0
2020-06-22;1342361063410586.8
2020-06-23;1343127072562345.5
2020-06-24;1342780107332583.8
2020-06-25;1342601224808350.2
2020-06-26;1343693656113137.0
2020-06-27;1344957064368904.8
2020-06-28;1346113665682104.5
2020-06-29;1345187158409430.0
2020-06-30;1345984914902812.0
2020-07-01;1347532706161685.5
2020-07-02;1347964752013050.2
2020-07-03;1348980620248113.5
2020-07-04;1350842593129071.2
2020-07-05;1351192332933682.2
2020-07-06;1346977715678464.8
2020-07-07;1341450093962099.5
2020-07-08;1336355971224021.2
2020-07-09;1334920744115007.5
2020-07-11;1334683570204197.2
2020-07-12;1337324540438159.5
2020-07-13;1337111240339990.5
2020-07-14;1336582605239106.8
2020-07-15;1337738320891449.0
2020-07-16;1336770531034913.8
2020-07-17;1336893443976863.2
2020-07-18;1337135318017288.5
2020-07-19;1337493777567183.5
2020-07-20;1334522846901776.0
2020-07-21;1332124322341545.2
2020-07-22;1330298978522117.0
2020-07-23;1329157371162797.0
2020-07-24;1327540294953687.2
2020-07-25;1327289379474446.5
2020-07-26;1328672519686106.5
2020-07-27;1328352817675302.2
2020-07-28;1326614788290544.5
2020-07-29;1325262003176868.2
2020-07-30;1322897038068122.8
2020-07-31;1322583711843874.5
2020-08-01;1325263901208568.8
2020-08-02;1326275738591063.0
2020-08-03;1323069125588300.0
2020-08-04;1320090809055149.5
2020-08-05;1319905193315581.8
2020-08-06;1320483858395063.0
2020-08-07;1320968685222220.5
2020-08-08;1321697547748206.5
2020-08-09;1316984116373002.2
2020-08-10;1315154468256173.2
2020-08-11;1311971154714184.2
2020-08-12;1311258619956142.2
2020-08-13;1310863319535610.8
2020-08-14;1311791191582664.0
2020-08-15;1314919425549402.8
2020-08-16;1319235181081811.0
2020-08-17;1321368585824594.5
2020-08-18;1321831887282571.5
2020-08-19;1322036909487379.5
2020-08-20;1324768589558835.8
2020-08-21;1326189395918695.5
2020-08-22;1330531035392678.5
2020-08-23;1333611727733027.8
2020-08-24;1335694788745046.0
2020-08-25;1333850031549012.2
2020-08-26;1334496036641259.2
2020-08-27;1334520863806879.2
2020-08-28;1336263024568210.8
2020-08-29;1336904878644523.8
2020-08-30;1339061633404248.2
2020-08-31;1341087434873684.0
2020-09-01;1342648569211487.8
2020-09-02;1342346478687700.0
2020-09-03;1342812666227579.5
2020-09-04;1344755904595633.5
2020-09-05;1344301779393741.5
2020-09-06;1346918315002010.2
2020-09-07;1347680930860231.2
2020-09-08;1345109434870373.0
2020-09-09;1353713138643508.8
2020-09-10;1353830067694005.5
2020-09-11;1355924613480031.2
2020-09-12;1358053409120252.5
2020-09-13;1358325230625112.5
2020-09-14;1356744547647610.2
2020-09-15;1353082502253973.5
2020-09-16;1351204842902951.2
2020-09-17;1349030229052357.2
2020-09-18;1349873352352299.2
2020-09-19;1349668344949511.8
2020-09-20;1348460056937636.8
2020-09-21;1346452564651579.8
2020-09-22;1342828990292756.8
2020-09-23;1341773032735127.5
2020-09-24;1340941848222249.0
2020-09-25;1341850749479619.2
2020-09-26;1346150512833872.5
2020-09-27;1348390560260852.8
2020-09-28;1346694201968417.5
2020-09-29;1345513898744092.0
2020-09-30;1345252789290646.5
2020-10-01;1344262226405057.0
2020-10-02;1344891863882657.0
2020-10-03;1346984126422264.8
2020-10-04;1349478068481260.5
2020-10-05;1348332712135663.5
2020-10-06;1348170841332476.0
2020-10-07;1345716771793063.0
2020-10-08;1346184253943440.0
2020-10-09;1345583072061621.8
2020-10-10;1345149266773348.8
2020-10-11;1345399209643900.8
2020-10-12;1348036020776485.0
2020-10-13;1347324061914381.2
2020-10-14;1349711650421102.8
2020-10-15;1350280003438419.5
2020-10-16;1352569685402767.5
2020-10-17;1355540940349249.0
2020-10-18;1355681682225154.0
2020-10-19;1354360602531304.5
2020-10-20;1354198234761783.8
2020-10-21;1352909880885548.0
2020-10-22;1352984067041727.0
2020-10-23;1355572794074713.2
2020-10-24;1358315346981018.5
2020-10-25;1357264749464741.5
2020-10-26;1356074762607007.2
2020-10-27;1352999720494821.2
2020-10-28;1355292768913314.8
2020-10-29;1356887296942658.5
2020-10-30;1359341943766323.0
2020-10-31;1363892504363308.0
2020-11-01;1364097506757446.5
2020-11-02;1364559282127523.2
2020-11-03;1364619144311921.8
2020-11-04;1364314188812984.8
2020-11-05;1364346734658754.2
2020-11-06;1364446850651523.2
2020-11-07;1365621785046982.5
2020-11-08;1368974180021535.5
2020-11-09;1369822521531803.8
2020-11-10;1369854372236122.8
2020-11-11;1370000205898525.0
2020-11-12;1368821243175523.0
2020-11-13;1367328716697938.8
2020-11-14;1369319103223523.0
2020-11-15;1369539624643014.5
2020-11-16;1368580014767036.8
2020-11-17;1366490664480491.2
2020-11-18;1367067641769091.2
2020-11-19;1366403066682517.5
2020-11-20;1366208787664713.8
2020-11-21;1368715268563889.2
2020-11-22;1370842567387421.5
2020-11-23;1369640675263343.5
2020-11-24;1366113293568309.8
2020-11-25;1367667473928552.2
2020-11-26;1367055716798434.0
2020-11-27;1365023781076522.5
2020-11-28;1368128056242823.2
2020-11-29;1369100162362303.0
2020-11-30;1369770275551819.5
2020-12-01;1369498789447323.5
2020-12-02;1372670696299861.0
2020-12-03;1371820917897882.5
2020-12-04;1370102131165640.0
2020-12-05;1369827662704028.5
2020-12-06;1371165287953822.2
2020-12-07;1369353726595076.2
2020-12-08;1367829556422513.0
2020-12-09;1368294014606806.0
2020-12-10;1365822594048996.8
2020-12-11;1360976322121008.5
2020-12-12;1359901342367800.8
2020-12-13;1354236333604672.5
2020-12-14;1346196863367137.0
2020-12-15;1343666742382139.8
2020-12-16;1341360095697416.0
2020-12-17;1340619419403647.2
2020-12-18;1340334806918523.0
2020-12-19;1340054386308285.0
2020-12-20;1339758262776435.0
2020-12-21;1336763674414192.5
2020-12-22;1330718062564542.0
2020-12-23;1330678166628819.5
2020-12-24;1333514631844275.8
2020-12-25;1331388624784765.8
2020-12-26;1332958486025679.2
2020-12-27;1332600659972560.2
2020-12-28;1331089890160546.8
2020-12-29;1333281625622883.5
2020-12-30;1332798354621136.0
2020-12-31;1334739363340085.2
2021-01-01;1336315299433572.8
2021-01-02;1344957004144765.0
2021-01-03;1342545553370924.5
2021-01-04;1342084421530719.5
2021-01-05;1343234201877218.0
2021-01-06;1343766830232577.8
2021-01-07;1344966617924455.8
2021-01-08;1343340134949971.0
2021-01-09;1345705186798021.5
2021-01-10;1347347190842263.2
2021-01-11;1345437717970541.5
2021-01-12;1343693997378882.5
2021-01-13;1343460830407221.8
2021-01-14;1342683591028016.0
2021-01-15;1344237537662412.5
2021-01-16;1346496420137051.2
2021-01-17;1348230259154914.5
2021-01-18;1349423460045169.0
2021-01-19;1347963215591880.5
2021-01-20;1347780513344189.5
2021-01-21;1347487436285823.5
2021-01-22;1347148570161142.5
2021-01-23;1348618232202393.5
2021-01-24;1348618232202392.5
2021-01-25;1350515453412882.2
2021-01-26;1347830926433768.2
2021-01-27;1349472129178760.0
2021-01-28;1343644733718318.5
2021-01-29;1343784032141432.0
2021-01-30;1343565090962803.5
2021-01-31;1342981443523693.0
2021-02-01;1336404570934945.2
2021-02-02;1331450094418243.0
2021-02-03;1329689238596428.0
2021-02-04;1328813115479626.5
2021-02-05;1325486482046960.0
2021-02-06;1325145310316510.5
2021-02-07;1325787255331176.5
2021-02-08;1324726075073005.0
2021-02-09;1322610572075861.0
2021-02-10;1324408708845411.0
2021-02-11;1324777832494219.8
2021-02-12;1326334208860348.5
2021-02-13;1327994761498410.5
2021-02-14;1327822010096653.8
2021-02-15;1327086559024058.0
2021-02-16;1325646644546705.5
2021-02-17;1326560679819915.0
2021-02-18;1325346569661232.0
2021-02-19;1324921011976450.8
2021-02-20;1328721346576157.8
2021-02-21;1329354499570334.8
2021-02-22;1327530233350823.5
2021-02-23;1325558246365764.2
2021-02-24;1326565758042402.0
2021-02-25;1326603541802399.2
2021-02-26;1326666344274235.0
2021-02-27;1329938701927109.0
2021-02-28;1331973322092878.0
2021-03-01;1330710762196543.0
2021-03-02;1329706776248393.8
2021-03-03;1330795803839376.2
2021-03-04;1330379514122912.8
2021-03-05;1330005320635446.0
2021-03-06;1332949723221129.5
2021-03-07;1334158556227989.5
2021-03-08;1335877805457545.0
2021-03-09;1336772388864073.5
2021-03-10;1335106254754325.0
2021-03-11;1336323375256477.0
2021-03-12;1336208105096615.8
2021-03-13;1340095374287636.8
2021-03-14;1340231782603380.0
2021-03-15;1340003428145529.5
2021-03-16;1340080836506438.0
2021-03-17;1339514539734792.2
2021-03-18;1337690585980016.0
2021-03-19;1338029813926025.5
2021-03-20;1339887280346993.2
2021-03-21;1340626599771137.2
2021-03-22;1337788039814294.2
2021-03-23;1337793521746810.5
2021-03-24;1336651707794732.2
2021-03-25;1336194212195360.8
2021-03-26;1336713703309019.5
2021-03-27;1341564533717614.0
2021-03-28;1340484787173798.8
2021-03-29;1337177651302239.5
2021-03-30;1335995409608503.8
2021-03-31;1336872587386997.2
2021-04-01;1336949405149744.2
2021-04-02;1334447216892474.5
2021-04-03;1334261965608753.0
2021-04-04;1334623684949325.8
2021-04-05;1333964453764627.0
2021-04-06;1334067802113584.8
2021-04-07;1330934036877790.8
2021-04-08;1329434773458142.8
2021-04-09;1330584543375380.8
2021-04-10;1331187496825553.0
2021-04-11;1333851181487155.0
2021-04-12;1331045692634930.8
2021-04-13;1330008742158282.8
2021-04-14;1326896071006794.2
2021-04-15;1327462909512238.8
2021-04-16;1327364859616663.0
2021-04-17;1327832633612218.0
2021-04-18;1329760526304531.2
2021-04-19;1328383516578559.2
2021-04-20;1326926778375015.5
2021-04-21;1324560373342740.2
2021-04-22;1323233663537294.5
2021-04-23;1324702083747255.2
2021-04-24;1325559447900454.2
2021-04-25;1323042624586222.2
2021-04-26;1320095944545364.0
2021-04-27;1317319740654786.0
2021-04-28;1315946486542598.2
2021-04-29;1316807016053186.8
2021-04-30;1314927786232143.8
2021-05-01;1316354091792804.0
2021-05-02;1316043219530093.5
2021-05-03;1315914122934961.5
2021-05-04;1319581206727500.8
2021-05-05;1319644005085782.2
2021-05-06;1324037950242019.2
2021-05-07;1327110209545336.8
2021-05-08;1332596295901795.5
2021-05-09;1331659354937174.5
2021-05-10;1335452085226918.8
2021-05-11;1334178362906529.0
2021-05-12;1334710751132961.5
2021-05-13;1336222625072265.5
2021-05-14;1337892766868947.2
2021-05-15;1341127052879206.5
2021-05-16;1340863092477401.0
2021-05-17;1339254144145993.5
2021-05-18;1339650354696935.0
2021-05-19;1339489628065061.2
2021-05-20;1340145591991886.2
2021-05-21;1340041954010640.0
2021-05-22;1342233604258055.0
2021-05-23;1341919811329280.0
2021-05-24;1342612502654834.2
2021-05-25;1340867350508647.0
2021-05-26;1340543116588301.8
2021-05-27;1340414789847808.5
2021-05-28;1340886123337977.2
2021-05-29;1341270544118236.8
2021-05-30;1342670232692003.5
2021-05-31;1339761555665298.5
2021-06-01;1338470812044348.5
2021-06-02;1336987226839276.5
2021-06-03;1333898928301710.5
2021-06-04;1333398429479054.2
2021-06-05;1332365446152426.0
2021-06-06;1331430550927346.0
2021-06-07;1330099030554594.8
2021-06-08;1330131284511321.0
2021-06-09;1326377324026229.2
2021-06-10;1323279732093100.0
2021-06-11;1323363379275256.0
2021-06-12;1318364878428982.2
2021-06-13;1319334213599308.0
2021-06-14;1318891891007233.8
2021-06-15;1316744563326842.8
2021-06-16;1313521634784439.8
2021-06-17;1308343431735428.5
2021-06-18;1306983076336519.0
2021-06-19;1307564200135908.0
2021-06-20;1310230338332776.8
2021-06-21;1308018587555257.0
2021-06-22;1305125023857056.2
2021-06-23;1304105681647835.5
2021-06-24;1301558415146000.5
2021-06-25;1301686974785358.5
2021-06-26;1303693884247200.2
2021-06-27;1304089937798824.8
2021-06-28;1302181087164318.0
2021-06-29;1300220235788828.2
2021-06-30;1299337253275081.5
2021-07-01;1298468119628611.2
2021-07-02;1298145250691314.5
2021-07-03;1296915737245483.2
2021-07-04;1294864868192927.2
2021-07-05;1292798695663703.5
2021-07-06;1292413511785244.5
2021-07-07;1289979548091241.2
2021-07-08;1291352002588367.5
2021-07-09;1292043485301024.0
2021-07-10;1292174624633834.0
2021-07-11;1292536473762411.5
2021-07-12;1289937427904073.5
2021-07-13;1290020873096141.8
2021-07-14;1293290836659236.8
2021-07-15;1297580788372808.5
2021-07-16;1296859709508199.8
2021-07-17;1300436312738652.8
2021-07-18;1301843253833202.0
2021-07-19;1303975436090315.8
2021-07-20;1301046394000761.2
2021-07-21;1301014638265384.8
2021-07-22;1301882909265905.0
2021-07-23;1304180198799728.8
2021-07-24;1307177734664092.0
2021-07-25;1308529035704087.0
2021-07-26;1307262623768622.5
2021-07-27;1307536486303432.0
2021-07-28;1309414926604461.0
2021-07-29;1310745307758461.5
2021-07-30;1315042934271902.0
2021-07-31;1324015945826134.8
2021-08-01;1334591742395599.2
2021-08-02;1339660264607217.5
2021-08-03;1346683365690005.5
2021-08-04;1350856878681153.5
2021-08-05;1357153393312377.8
2021-08-06;1364830962643980.0
2021-08-07;1371687923971116.0
2021-08-08;1376566881900485.8
2021-08-09;1380516773286493.0
2021-08-10;1382144484698390.5
2021-08-11;1384554148632675.8
2021-08-12;1384160662497588.0
2021-08-13;1384893605710228.2
2021-08-14;1383706166802964.5
2021-08-15;1386078401860775.8
2021-08-16;1386805922522800.5
2021-08-17;1389400759671794.8
2021-08-18;1390513978378904.2
2021-08-19;1390038791502470.5
2021-08-20;1393709491822408.8
2021-08-21;1397073635112270.8
2021-08-22;1400508657474856.5
2021-08-23;1399745909020813.5
2021-08-24;1400890908016667.5
2021-08-25;1401959440059481.0
2021-08-26;1401099269283652.2
2021-08-27;1402188913524831.5
2021-08-28;1404479865835419.0
2021-08-29;1406981445809070.5
2021-08-30;1405546957154702.0
2021-08-31;1406060841482243.2
2021-09-01;1406110734164489.0
2021-09-02;1406447445305346.0
2021-09-03;1405558490827263.8
2021-09-04;1406464207711827.0
2021-09-05;1405269535540389.2
2021-09-06;1404661399937484.2
2021-09-07;1403692409862556.8
2021-09-08;1403338729253436.5
2021-09-09;1400243017340682.5
2021-09-10;1397233451175891.0
2021-09-11;1399406939368615.0
2021-09-12;1399464325500117.8
2021-09-13;1399069801120383.2
2021-09-14;1397119798724717.5
2021-09-15;1398984939292622.8
2021-09-16;1397777218475317.0
2021-09-17;1399454934997288.0
2021-09-18;1400666157392408.8
2021-09-19;1400555604460334.2
2021-09-20;1399262517090124.0
2021-09-21;1394934340835819.2
2021-09-22;1395798851439628.5
2021-09-23;1398291959274974.0
2021-09-24;1399756962577117.2
2021-09-25;1401480797948772.2
2021-09-26;1402478880450593.5
2021-09-27;1401473906970351.8
2021-09-28;1401089936238558.5
2021-09-29;1402436335283361.2
2021-09-30;1405154691230434.2
2021-10-01;1404717501942903.8
2021-10-02;1405511648234877.0
2021-10-03;1409273612871772.5
2021-10-04;1407219377939703.8
2021-10-05;1409739145928831.2
2021-10-06;1409722829899488.8
2021-10-07;1407497740135341.0
2021-10-08;1406102252012260.5
2021-10-09;1404730420831422.8
2021-10-10;1405565450908970.5
2021-10-11;1404292743251826.0
2021-10-12;1402933807377543.8
2021-10-13;1405447733805883.5
2021-10-14;1404545653960093.2
2021-10-15;1404498601744039.0
2021-10-16;1406730768243466.5
2021-10-17;1408193136738460.0
2021-10-18;1408310454357614.0
2021-10-19;1406392646290195.0
2021-10-20;1407054212092372.0
2021-10-21;1405445453181808.0
2021-10-22;1401877332491910.5
2021-10-23;1399993468912999.8
2021-10-24;1398924801561545.5
2021-10-25;1396023997853803.5
2021-10-26;1391499697618484.2
2021-10-27;1387471215822745.8
2021-10-28;1387310564120796.0
2021-10-29;1388991002256121.0
2021-10-30;1389677033034276.0
2021-10-31;1392318152866878.0
2021-11-01;1391548435576400.8
2021-11-02;1390300861295117.2
2021-11-03;1388741448519327.2
2021-11-04;1385476338418997.0
2021-11-05;1385207242320832.5
2021-11-06;1389545710933169.5
2021-11-07;1389005462898555.2
2021-11-08;1388653781276838.5
2021-11-09;1390050812449858.8
2021-11-10;1390283133651853.2
2021-11-11;1391863477432107.5
2021-11-12;1391553605337241.8
2021-11-13;1396949271711050.8
2021-11-14;1400862311991292.0
2021-11-15;1401390483464699.0
2021-11-16;1401576706662386.2
2021-11-17;1401554684067586.8
2021-11-18;1400787520751199.0
2021-11-19;1402962385821010.8
2021-11-20;1406007691219610.2
2021-11-21;1409556402787146.5
2021-11-22;1411375134270513.0
2021-11-23;1412845716990635.0
2021-11-24;1414432106043142.5
2021-11-25;1417564123525733.2
2021-11-26;1418268501715905.8
2021-11-27;1420596398681134.8
2021-11-28;1422113099040089.2
2021-11-29;1420748020339897.0
2021-11-30;1421511378904981.8
2021-12-01;1420557836056984.8
2021-12-02;1420135467790695.5
2021-12-03;1420800600256984.8
2021-12-04;1423419932048431.0
2021-12-05;1423686019949598.5
2021-12-06;1424524450713880.0
2021-12-07;1423443140286254.5
2021-12-08;1423677163215163.0
2021-12-09;1422288955367736.8
2021-12-10;1425844445725227.5
2021-12-11;1427736696007683.8
2021-12-12;1429758741721439.5
2021-12-13;1426571120128481.8
2021-12-14;1426068747365402.2
2021-12-15;1428036421006138.5
2021-12-16;1428781653770788.0
2021-12-17;1430992984850766.5
2021-12-18;1431384031758069.0
2021-12-19;1432619689696840.5
2021-12-20;1435011761310066.2
2021-12-21;1434805723318989.2
2021-12-22;1436291007976141.2
2021-12-23;1437883179343999.5
2021-12-24;1437757225823797.5
2021-12-25;1438861641250794.5
2021-12-26;1440018025083629.8
2021-12-27;1440033229129319.5
2021-12-28;1440931843371120.8
2021-12-29;1442535938216172.5
2021-12-30;1442671417231393.5
2021-12-31;1443814630588631.0
2022-01-01;1444716568814006.8
2022-01-02;1446249336567384.5
2022-01-03;1446121400522183.5
2022-01-04;1448601038713836.0
2022-01-05;1450653584877406.8
2022-01-06;1451224223234165.8
2022-01-07;1453298552533563.2
2022-01-08;1455842590220971.0
2022-01-09;1456850764871532.5
2022-01-10;1456423399884240.0
2022-01-11;1456965558663106.5
2022-01-12;1459003506620741.2
2022-01-13;1460274938082989.5
2022-01-14;1462228726095515.5
2022-01-15;1463270965764374.0
2022-01-16;1463906563098588.2
2022-01-17;1463863570433774.2
2022-01-18;1463615188881614.8
2022-01-19;1465662771701219.5
2022-01-20;1465681689910339.0
2022-01-21;1465153651928304.5
2022-01-22;1466435834286176.0
2022-01-23;1467256676541285.5
2022-01-24;1466930311164280.5
2022-01-25;1465917294439492.8
2022-01-26;1464929045775654.8
2022-01-27;1464783634556632.5
2022-01-28;1463915016647041.2
2022-01-29;1463598657471338.0
2022-01-30;1461687032592164.2
2022-01-31;1462055627849350.2
2022-02-01;1460022518978685.8
2022-02-02;1456396441140857.2
2022-02-03;1450390208991387.5
2022-02-04;1449182912017356.8
2022-02-05;1454195782124156.5
2022-02-06;1454111845301153.2
2022-02-07;1452592451487143.8
2022-02-08;1449458574380920.0
2022-02-09;1448199066686850.5
2022-02-10;1447085881607674.2
2022-02-11;1449512350130128.5
2022-02-12;1449666831802126.2
2022-02-13;1450374898349326.8
2022-02-14;1448172791574591.5
2022-02-15;1446811099707781.0
2022-02-16;1442594014639273.5
2022-02-17;1440788742521343.5
2022-02-18;1442612077800263.2
2022-02-19;1443128955177660.0
2022-02-20;1443484599653717.2
2022-02-21;1441855650672586.0
2022-02-22;1440332479439306.2
2022-02-23;1441625241061773.8
2022-02-24;1439646868126386.8
2022-02-25;1440214969853041.8
2022-02-26;1441399324424617.0
2022-02-27;1442698903870040.5
2022-02-28;1442902933199671.5
2022-03-01;1439417957327154.5
2022-03-02;1436386457712806.5
2022-03-03;1433113021791238.0
2022-03-04;1433488862886339.2
2022-03-05;1432126258933758.5
2022-03-06;1433387268374060.5
2022-03-07;1429060190512265.5
2022-03-08;1426307389721225.0
2022-03-09;1424322360632333.8
2022-03-10;1422177457593617.0
2022-03-11;1425138203781131.0
2022-03-12;1426068334973320.0
2022-03-13;1426749668795076.0
2022-03-14;1425011865589396.8
2022-03-15;1423290472362732.5
2022-03-16;1421264448406305.8
2022-03-17;1421776392707294.0
2022-03-18;1423845444746702.8
2022-03-19;1424164697624243.8
2022-03-20;1424280529978551.5
2022-03-21;1421932487172870.5
2022-03-22;1419736492640266.0
2022-03-23;1417018037827647.0
2022-03-24;1417276382330203.2
2022-03-25;1416996819750808.8
2022-03-26;1416749685693861.5
2022-03-27;1417183852646471.0
2022-03-28;1417478900914110.8
2022-03-29;1414194792431709.5
2022-03-30;1414517181925961.5
2022-03-31;1416334481204389.8
2022-04-01;1418169565452285.8
2022-04-02;1421590471416642.0
2022-04-03;1424357142671120.0
2022-04-04;1426247050944632.0
2022-04-05;1424789666238442.0
2022-04-06;1427253112593670.5
2022-04-07;1427763772052648.2
2022-04-08;1428302589254393.2
2022-04-09;1430935995972769.0
2022-04-10;1432417135133919.5
2022-04-11;1433124352499283.2
2022-04-12;1431409228254074.5
2022-04-13;1441861480063543.2
2022-04-14;1443486490327995.8
2022-04-15;1445805012342043.5
2022-04-16;1440032242746489.5
2022-04-17;1440017399742516.5
2022-04-18;1439097627319491.5
2022-04-19;1440803650373351.0
2022-04-20;1439459165978191.0
2022-04-21;1440493235139162.5
2022-04-22;1440490368133182.5
2022-04-23;1443967540072901.8
2022-04-24;1446860166407140.2
2022-04-25;1446583587270978.0
2022-04-26;1448230217450609.2
2022-04-27;1448988346864363.0
2022-04-28;1449515275584558.0
2022-04-29;1450984248964457.8
2022-04-30;1453842233842433.5
2022-05-01;1457920005055620.2
2022-05-02;1456793819812324.2
2022-05-03;1457850403104921.0
2022-05-04;1457069103751910.2
2022-05-05;1460244963488340.0
2022-05-06;1465110183302157.8
2022-05-07;1470765406061272.0
2022-05-08;1475493522180749.0
2022-05-09;1475809485629349.0
2022-05-10;1473611833607863.5
2022-05-11;1473973159445767.5
2022-05-12;1474828965176253.0
2022-05-13;1474987836509747.5
2022-05-14;1475594397803796.8
2022-05-15;1475362414022337.2
2022-05-16;1474649964127745.5
2022-05-17;1470222877673122.5
2022-05-18;1468826651422187.0
2022-05-19;1469184559401058.0
2022-05-20;1471416412643375.2
2022-05-21;1474781388446300.5
2022-05-22;1474566398603270.2
2022-05-23;1472096134191911.5
2022-05-24;1473096994060378.0
2022-05-25;1473380723462408.5
2022-05-26;1475965603873352.5
2022-05-27;1479085822834582.0
2022-05-28;1481452118178074.0
2022-05-29;1483499286488489.2
2022-05-30;1481973207273403.2
2022-05-31;1479171041361444.0
2022-06-01;1479320041894593.0
2022-06-02;1478054826934925.0
2022-06-03;1476753785909210.5
2022-06-04;1477485770755226.0
2022-06-05;1480108387224715.5
2022-06-06;1476579693206630.5
2022-06-07;1475561835820988.2
2022-06-08;1475101996555140.8
2022-06-09;1475173149431282.5
2022-06-10;1476488089388036.5
2022-06-11;1478847715230140.8
2022-06-12;1480264735651470.5
2022-06-13;1478382286973220.5
2022-06-14;1479148022014486.5
2022-06-15;1479122819058320.5
2022-06-16;1480033096317102.5
2022-06-17;1479696473413181.2
2022-06-18;1481265139204114.8
2022-06-19;1485192093381750.5
2022-06-20;1481053848717273.5
2022-06-21;1479846931438844.2
2022-06-22;1476889881925636.5
2022-06-23;1472009851312748.8
2022-06-24;1469435321294116.2
2022-06-25;1473066236764953.0
2022-06-26;1472161466960349.0
2022-06-27;1468919360841557.0
2022-06-28;1469249545597104.8
2022-06-29;1470954128723042.2
2022-06-30;1470400132206298.0
2022-07-01;1471667776601512.5
2022-07-02;1476066459079765.2
2022-07-03;1479476168649949.0
2022-07-04;1480900723836522.5
2022-07-05;1478636894524107.8
2022-07-06;1477179179092411.0
2022-07-07;1477082673509972.5
2022-07-08;1477905443008096.0
2022-07-09;1480863398728408.8
2022-07-10;1484433634892920.2
2022-07-11;1484185660947843.5
2022-07-12;1483643681015754.0
2022-07-13;1483606021724951.5
2022-07-14;1484377127673405.5
2022-07-15;1486461634032536.8
2022-07-16;1489684107656143.8
2022-07-17;1490509619790537.5
2022-07-18;1490609658828395.0
2022-07-19;1492149226033375.8
2022-07-20;1493864956462543.5
2022-07-21;1494756081330714.0
2022-07-22;1496032028695891.0
2022-07-23;1500104073877499.0
2022-07-24;1505224055352754.5
2022-07-25;1503068278440263.0
2022-07-26;1501770866909833.5
2022-07-27;1501842110070457.5
2022-07-28;1502536321428876.5
2022-07-29;1502863822050832.0
2022-07-30;1503584544908416.5
2022-07-31;1504477339555185.5
2022-08-01;1500552398546294.2
2022-08-02;1500609446335758.8
2022-08-03;1499630553109581.2
2022-08-04;1499772034033668.2
2022-08-05;1506042177938386.8
2022-08-06;1501472907568147.8
2022-08-07;1501993204577766.5
2022-08-08;1502488176217756.0
2022-08-09;1501659970115478.0
2022-08-10;1501325406653210.0
2022-08-11;1500783613154978.0
2022-08-12;1502176790285063.5
2022-08-13;1502734621715418.8
2022-08-14;1503499677384275.2
2022-08-15;1500753855151808.2
2022-08-16;1498035491171199.5
2022-08-17;1496992688995711.2
2022-08-18;1496013303526814.8
2022-08-19;1496046616309340.2
2022-08-20;1496345307518580.2
2022-08-21;1497968641081669.5
2022-08-22;1497074486900463.5
2022-08-23;1494699785111017.0
2022-08-24;1493527859989301.0
2022-08-25;1495251183217621.5
2022-08-26;1497153576314602.8
2022-08-27;1499205768370017.8
2022-08-28;1501089729578836.5
2022-08-29;1500262869677702.5
2022-08-30;1498006835570068.5
2022-08-31;1497740091811106.5
2022-09-01;1499769525839181.5
2022-09-02;1500247175289732.5
2022-09-03;1502095105232700.0
2022-09-04;1506112949773595.5
2022-09-05;1508817391334773.2
2022-09-06;1503781133469892.8
2022-09-07;1501815120310651.2
2022-09-08;1501612423354229.5
2022-09-09;1504974703003345.5
2022-09-10;1508368281811229.8
2022-09-11;1511033335764852.5
2022-09-12;1514537964306941.2
2022-09-13;1509932153186077.2
2022-09-14;1508824300362696.0
2022-09-15;1511311020278900.5
2022-09-16;1511292777168787.0
2022-09-17;1514149943173542.8
2022-09-18;1515965750680277.8
2022-09-19;1513194207079107.2
2022-09-20;1514044009534720.5
2022-09-21;1511495411850968.8
2022-09-22;1511100519686013.0
2022-09-23;1512556655386010.0
2022-09-24;1516636014728927.2
2022-09-25;1518353284039807.0
2022-09-26;1518400531869306.0
2022-09-27;1517866749093746.2
2022-09-28;1518885835062874.2
2022-09-29;1518415402736365.8
2022-09-30;1523062763849428.0
2022-10-01;1525662345633679.8
2022-10-02;1526627899530140.8
2022-10-03;1525629590400528.0
2022-10-04;1522524276303256.5
2022-10-05;1519406592633592.5
2022-10-06;1518466945616473.5
2022-10-07;1518692196821777.0
2022-10-08;1518457497770365.0
2022-10-09;1518399639184337.8
2022-10-10;1518023265985302.0
2022-10-11;1514100672603598.5
2022-10-12;1508827862526723.5
2022-10-13;1511918544798854.0
2022-10-14;1512862064567116.0
2022-10-15;1512901977840581.0
2022-10-16;1513730007631407.8
2022-10-17;1516665877686445.5
2022-10-18;1515449927220341.5
2022-10-19;1512821303705337.8
2022-10-20;1515381149289938.8
2022-10-21;1515982460557891.0
2022-10-22;1516022143587794.2
2022-10-23;1516286101538339.5
2022-10-24;1514172697257669.8
2022-10-25;1510044809725211.8
2022-10-26;1511011654380596.0
2022-10-27;1514036413819300.0
2022-10-28;1517170614014465.5
2022-10-29;1522561883214565.0
2022-10-30;1523120824621405.5
2022-10-31;1525036276231431.0
2022-11-01;1527582618910760.0
2022-11-02;1531107497124009.2
2022-11-03;1540330412345642.8
2022-11-04;1544887345248614.0
2022-11-05;1550587826996118.0
2022-11-06;1556144557236976.0
2022-11-07;1554628694871073.5
2022-11-08;1569163133432548.0
2022-11-09;1581687498115678.8
2022-11-10;1586400593227257.8
2022-11-11;1594444225930249.8
2022-11-12;1603068788844655.2
2022-11-13;1610722037123631.5
2022-11-14;1599747105695623.0
2022-11-15;1602352685738074.5
2022-11-16;1606209615296918.8
2022-11-17;1608932127370576.8
2022-11-18;1616255471805719.5
2022-11-19;1621751337816880.0
2022-11-20;1628955848498774.5
2022-11-21;1632709807002078.8
2022-11-22;1635554058166575.5
2022-11-23;1638762629982731.0
2022-11-24;1641153899592303.2
2022-11-25;1643428220643327.2
2022-11-26;1647441970701609.0
2022-11-27;1651041205170803.5
2022-11-28;1653902842641379.0
2022-11-29;1655539478742564.0
2022-11-30;1655857421997557.8
2022-12-01;1658400113755503.0
2022-12-02;1658372002603397.5
2022-12-03;1657277736880604.8
2022-12-04;1659638118464413.0
2022-12-05;1658205163145306.2
2022-12-06;1661496428839662.5
2022-12-07;1663681804136305.0
2022-12-08;1662101025378688.5
2022-12-09;1659666124587648.0
2022-12-10;1660736427209378.0
2022-12-11;1657898101238496.0
2022-12-12;1655827108621423.8
2022-12-13;1653241613830279.8
2022-12-14;1650085970407117.2
2022-12-15;1645435319027772.5
2022-12-16;1644117646059192.2
2022-12-17;1643552698060130.0
2022-12-18;1644527652365030.5
2022-12-19;1641870111743473.0
2022-12-20;1637867497555077.8
2022-12-21;1636104877015074.2
2022-12-22;1637446307165399.5
2022-12-23;1640601331693552.2
2022-12-24;1640540995012492.5
2022-12-25;1643058461645334.0
2022-12-26;1642411288236111.0
2022-12-27;1644265419239669.2
2022-12-28;1647370008099212.5
2022-12-29;1645766591326631.8
2022-12-30;1645833508525103.0
2022-12-31;1645408881080760.2
2023-01-01;1645877443841633.5
2023-01-02;1647339645690749.0
2023-01-03;1653778466530498.8
2023-01-04;1655036736929940.0
2023-01-05;1654894646549627.5
2023-01-06;1656405075575499.5
2023-01-07;1658613485827465.5
2023-01-08;1659451699924293.8
2023-01-09;1658871331283603.2
2023-01-10;1660783163858973.5
2023-01-11;1662295706651550.5
2023-01-12;1661693863050332.5
2023-01-13;1664457846029976.8
2023-01-14;1668839369507399.2
2023-01-15;1673588481525683.5
2023-01-16;1671762544321794.0
2023-01-17;1673242244790765.0
2023-01-18;1674029626087956.8
2023-01-19;1676531204717763.2
2023-01-20;1677865144524582.5
2023-01-21;1676878931987916.5
2023-01-22;1675804911337565.0
2023-01-23;1677147311136612.8
2023-01-24;1675804345350994.5
2023-01-25;1664291234401482.0
2023-01-26;1664205247272798.5
2023-01-27;1662304927336307.8
2023-01-28;1664830783258681.5
2023-01-29;1666910321136750.0
2023-01-30;1665181190137883.0
2023-01-31;1666286115389809.5
2023-02-01;1661829940501381.5
2023-02-02;1654416767295257.0
2023-02-03;1654705887826810.5
2023-02-04;1655530864503983.5
2023-02-05;1658509847457555.2
2023-02-06;1658951872541549.5
2023-02-07;1655841746668488.5
2023-02-08;1657242031119018.5
2023-02-09;1658280230499660.5
2023-02-10;1656815126037849.8
2023-02-11;1657295046765574.0
2023-02-12;1662588485689382.2
2023-02-13;1667173935135090.0
2023-02-14;1668152558560298.8
2023-02-15;1672561300137582.0
2023-02-16;1672783289352518.2
2023-02-17;1675251108342504.5
2023-02-18;1674628394479305.8
2023-02-19;1677787685079068.5
2023-02-20;1677345531291657.5
2023-02-21;1678465849165252.2
2023-02-22;1678467433493494.0
2023-02-23;1680561689959197.8
2023-02-24;1687192771247843.2
2023-02-25;1687157839096635.5
2023-02-26;1689700083925903.0
2023-02-27;1688299680230102.8
2023-02-28;1685326372749566.8
2023-03-01;1684112489611245.5
2023-03-02;1677972920884642.0
2023-03-03;1677362936739461.0
2023-03-04;1681574131784746.5
2023-03-05;1682378155399044.0
2023-03-06;1684142913730888.2
2023-03-07;1681216774168442.5
2023-03-08;1680491271189638.8
2023-03-09;1681409514809505.0
2023-03-10;1691221753693895.5
2023-03-11;1691206502546311.2
2023-03-12;1693058288882717.5
2023-03-13;1692904934383405.0
2023-03-14;1690589099390817.8
2023-03-15;1691939972739686.0
2023-03-16;1692993142222678.0
2023-03-17;1691196027855983.8
2023-03-18;1694063056104518.0
2023-03-19;1693185736196474.2
2023-03-20;1692808452491636.5
2023-03-21;1692486548697374.2
2023-03-22;1691206932073771.0
2023-03-23;1692691632220557.8
2023-03-24;1699165452223972.8
2023-03-25;1704136509469261.8
2023-03-26;1704340430330700.8
2023-03-27;1705160331987319.5
2023-03-28;1705874898706732.0
2023-03-29;1706170525181084.5
2023-03-30;1706815224937141.8
2023-03-31;1704923128193348.8
2023-04-01;1704785562024854.8
2023-04-02;1705423582053254.5
2023-04-03;1701860732056166.8
2023-04-04;1698601134337669.2
2023-04-05;1701581482072029.5
2023-04-06;1703821962982917.2
2023-04-07;1707452344189198.2
2023-04-08;1711352064261847.5
2023-04-09;1714047969939163.2
2023-04-10;1714578374563655.2
2023-04-11;1715084245560415.5
2023-04-12;1714114876545417.0
2023-04-13;1715090479792748.2
2023-04-14;1713712144761600.0
2023-04-15;1715332990887453.2
2023-04-16;1716236633600595.5
2023-04-17;1718192649553027.2
2023-04-18;1717479084587408.5
2023-04-19;1719288283296631.2
2023-04-20;1718751896404856.2
2023-04-21;1718876175915202.5
2023-04-22;1722304373579911.5
2023-04-23;1723009592314234.2
2023-04-24;1722184064561106.5
2023-04-25;1727742346876791.0
2023-04-26;1726980901284142.2
2023-04-27;1727032291166773.0
2023-04-28;1728897089831040.8
2023-04-29;1733294712466298.5
2023-04-30;1736135739683642.5